world,n_series,mean_episodes_detected,mean_scored,mean_censored,rebuild_rate_all_scored,pct_ratchet_signature,pct_uninformative,pct_against_HR,pct_mixed,pct_insufficient,detection_hit_rate,false_alarms_per_series
R-05,2000,6.274000,6.198000,0.076000,0.978380,0.450000,0.000000,96.900000,2.600000,0.050000,0.995167,0.303000
R-10,2000,6.606500,6.442500,0.164000,0.785797,9.100000,0.000000,67.850000,22.650000,0.400000,0.988583,0.675000
R-15,2000,7.078500,6.828000,0.250500,0.368995,4.150000,5.900000,36.050000,52.950000,0.950000,0.958750,1.326000
R-20,2000,7.545500,7.238500,0.307000,0.266492,0.750000,11.400000,21.150000,65.200000,1.500000,0.851000,2.439500
R-decl,2000,7.136500,6.867000,0.269500,0.366390,4.300000,4.850000,33.950000,56.400000,0.500000,0.962583,1.361000
M-flat,2000,6.092000,6.064000,0.028000,0.995877,0.000000,0.000000,99.650000,0.300000,0.050000,0.997833,0.105000
M-decl,2000,6.109500,6.081500,0.028000,0.996629,0.100000,0.000000,99.650000,0.250000,0.000000,0.998333,0.119500
S-lin,2000,11.146000,10.014500,1.131500,0.999151,0.150000,0.000000,99.400000,0.200000,0.250000,,11.146000
S-acc,2000,10.981000,9.612500,1.368500,0.868817,15.600000,0.000000,49.450000,34.550000,0.400000,,10.981000
